,actual,prediction
0,-5.0516067,-4.6734333
1,-5.067433,-4.768571
2,-5.3164477,-4.7214403
3,-5.1922565,-4.6075807
4,-5.189798,-4.7746496
5,-4.7835097,-4.2875795
6,-4.7341084,-4.5871468
7,-4.7829905,-4.7684712
8,-4.7841005,-4.676797
9,-4.772651,-4.733506
10,-4.7161317,-4.5426846
11,-4.72298,-4.630575
12,-4.6490793,-4.511654
13,-4.9034643,-4.6006174
14,-4.9067526,-4.5943
15,-4.8250346,-4.562895
16,-4.812673,-4.641883
17,-4.6568775,-4.341984
18,-4.7121334,-4.740349
19,-4.744037,-4.73864
20,-4.8316326,-4.7657433
21,-4.900903,-4.777464
22,-4.515148,-4.2075076
23,-4.5485635,-4.7257404
24,-4.5544057,-4.670049
25,-4.6098785,-4.4753165
26,-4.393072,-4.2559905
27,-4.29556,-4.317715
28,-4.2773976,-4.616969
29,-4.2651596,-4.6741247
30,-4.4943013,-4.769846
31,-4.43821,-4.430089
32,-4.4205465,-4.5657964
33,-4.391293,-4.3590193
34,-4.614547,-4.7720776
35,-4.8205647,-4.743633
36,-4.854545,-4.7094374
37,-4.8672247,-4.707051
38,-4.761482,-4.4803147
39,-4.5318484,-4.24386
40,-4.57704,-4.777996
41,-4.6987524,-4.768626
42,-4.692488,-4.7494397
43,-4.7007484,-4.773424
44,-4.6799145,-4.633341
45,-4.6317697,-4.5266795
46,-4.7016177,-4.735593
47,-5.1698565,-4.5710745
48,-5.109857,-4.6887655
49,-4.7641187,-4.311569
50,-4.6140037,-4.340453
51,-4.187095,-4.057969
52,-4.1871057,-4.6334414
53,-4.196775,-4.614273
54,-4.1299987,-4.3190317
55,-4.147741,-4.762343
56,-4.1501946,-4.7152233
57,-4.219521,-4.6785507
58,-4.2830276,-4.7562323
59,-4.8647704,-4.7401915
60,-4.9057393,-4.7347927
61,-4.972619,-4.762877
62,-5.4700847,-4.6898375
63,-5.250762,-4.556302
64,-5.2171826,-4.6738696
65,-5.300256,-4.7760105
66,-5.280928,-4.7349815
67,-5.213755,-4.659604
68,-5.2285666,-4.753504
69,-5.070264,-4.5381165
70,-5.122686,-4.7748537
71,-5.209781,-4.673906
72,-5.2947626,-4.774867
73,-5.0917463,-4.5123835
74,-5.118736,-4.777977
75,-5.0897284,-4.6133614
76,-5.086533,-4.7482376
77,-5.1934566,-4.690262
78,-5.151171,-4.715937
79,-5.1904445,-4.7287874
80,-5.1922398,-4.777274
81,-5.425785,-4.7527065
82,-5.4257555,-4.7779512
83,-5.6142907,-4.745083
84,-5.390818,-4.588461
85,-5.2270384,-4.524222
86,-5.180225,-4.6546674
87,-5.217329,-4.777817
88,-5.2100058,-4.7678833
89,-5.179293,-4.7117906
90,-5.1361794,-4.7161036
91,-5.1440096,-4.7567153
92,-5.280005,-4.761601
93,-5.526414,-4.7343755
94,-5.7436833,-4.7755594
95,-5.7035475,-4.7592516
96,-5.4184613,-4.585535
97,-5.4830422,-4.7633686
98,-5.4315915,-4.675557
99,-5.354982,-4.688058
100,-5.323183,-4.729865
101,-5.367002,-4.7775908
102,-5.3644986,-4.7731915
103,-5.3828897,-4.7763767
104,-5.4908214,-4.6716366
105,-5.4041924,-4.6936913
106,-5.537213,-4.7778716
107,-5.5568485,-4.700986
108,-5.632355,-4.775105
109,-5.2598095,-4.48265
110,-4.60435,-4.206282
111,-4.4065228,-4.276002
112,-4.4175787,-4.7420864
113,-4.430948,-4.776825
114,-4.4308653,-4.777366
115,-4.4403415,-4.758591
116,-4.4177966,-4.636244
117,-4.4209285,-4.5006504
118,-4.4290695,-4.2127748
119,-4.5733314,-4.505582
120,-4.5781174,-4.7640686
121,-4.347161,-4.2378654
122,-4.334915,-4.6874294
123,-4.306572,-4.547905
124,-4.3117013,-4.6763988
125,-4.327588,-4.6121035
126,-4.580333,-4.736421
127,-4.5878158,-4.5365133
128,-4.5544477,-4.609758
129,-4.7753525,-4.367481
130,-4.7684298,-4.6659517
131,-4.8063703,-4.655921
132,-4.7105002,-4.4070554
133,-4.657639,-4.437999
134,-4.6545186,-4.7242174
135,-4.718373,-4.7645197
136,-4.6323066,-4.364649
137,-4.734688,-4.6704884
138,-4.760122,-4.7488313
139,-4.6767383,-4.405721
140,-4.7991314,-4.777806
141,-4.9342656,-4.764239
142,-4.9583583,-4.776959
143,-4.963261,-4.774945
144,-5.213422,-4.701537
145,-5.2238274,-4.6837
146,-4.0655737,-3.8910787
147,-4.095902,-4.742628
148,-4.0939736,-4.7546425
149,-4.016787,-4.280885
150,-4.0151777,-4.754319
151,-3.9890656,-4.424767
152,-3.9928565,-4.7576113
153,-3.7000303,-3.8846679
154,-3.9285054,-4.2946725
155,-3.8792114,-4.296564
156,-3.8783991,-4.7396083
157,-3.93157,-4.6940203
158,-3.8546429,-4.229404
159,-3.8480616,-4.3564024
160,-3.8488026,-4.7721853
161,-4.2850637,-4.5449953
162,-4.366405,-4.4887576
163,-4.3621173,-4.2924604
164,-4.367586,-4.7779055
165,-4.378389,-4.768449
166,-4.2718263,-4.133029
167,-4.3161693,-4.626381
168,-4.297628,-4.626381
169,-4.2769456,-4.4065948
170,-4.1905956,-4.271426
171,-4.290052,-4.739209
172,-4.0857534,-4.1519957
173,-4.0765047,-4.654211
174,-4.217106,-4.326317
175,-3.9937294,-4.0643167
176,-3.8480425,-4.080404
177,-3.7617962,-4.130902
178,-3.8071542,-4.7045717
179,-3.8087082,-4.772358
180,-3.9137387,-4.743149
181,-3.9016595,-4.4576464
182,-3.931254,-4.597161
183,-4.1227355,-4.6279163
184,-4.4211273,-4.6922174
185,-5.046767,-4.7497807
186,-5.0501657,-4.710636
187,-4.9678426,-4.6132874
188,-4.609714,-4.2653465
189,-4.18295,-4.026697
190,-4.0601254,-4.206765
191,-4.046842,-4.468052
192,-4.042168,-4.6301026
193,-3.985464,-4.3067923
194,-3.9515393,-4.338962
195,-3.9530826,-4.6378794
196,-3.9418025,-4.2415724
197,-4.023031,-4.157597
198,-4.0336995,-4.2255754
199,-4.0487633,-4.65604
200,-4.0426245,-4.5542555
201,-4.0913095,-4.5708942
202,-4.1427402,-4.777152
203,-4.145376,-4.666583
204,-4.262109,-4.596243
205,-4.4968066,-4.4167204
206,-4.2330046,-4.0143456
207,-4.220343,-4.5455003
208,-4.2432146,-4.757734
209,-4.26741,-4.7778506
210,-4.226294,-4.435338
211,-4.235367,-4.7496524
212,-4.1883106,-4.33417
213,-4.2290955,-4.775929
214,-4.7923017,-4.578326
215,-4.879649,-4.777852
216,-4.8542013,-4.6924405
217,-4.6743093,-4.3416944
218,-4.7625847,-4.717656
219,-4.5064597,-4.2717056
220,-4.316894,-4.1754494
221,-4.1964974,-4.276403
222,-4.188025,-4.501641
223,-4.1513815,-4.4257903
224,-4.155525,-4.7367234
225,-4.2053795,-4.713109
226,-4.2026253,-4.691051
227,-4.324441,-4.7395334
228,-4.6340566,-4.6833177
229,-4.9951634,-4.777794
230,-5.1376777,-4.7373877
231,-5.303258,-4.609495
232,-5.2912765,-4.7237244
233,-5.3541636,-4.777991
234,-5.2781377,-4.611762
235,-5.292086,-4.755039
236,-5.3339977,-4.7273874
237,-5.3253646,-4.7690163
238,-5.2878056,-4.697383
239,-5.465242,-4.7742176
240,-5.5341167,-4.77361
241,-5.43677,-4.70539
242,-5.522397,-4.6761417
243,-5.552937,-4.7755275
244,-5.636836,-4.7776384
245,-5.5030537,-4.684638
246,-5.602469,-4.7621913
247,-5.403038,-4.6298184
248,-5.390077,-4.762081
249,-5.4587827,-4.763235
250,-5.5149055,-4.7178373
251,-5.296014,-4.5853853
252,-5.2768464,-4.7563868
253,-5.187909,-4.577977
254,-5.1170874,-4.6594715
255,-5.194252,-4.741048
256,-5.188876,-4.754875
257,-5.197689,-4.7750063
258,-5.227038,-4.755575
259,-5.4083285,-4.772576
260,-5.433814,-4.777974
261,-5.762632,-4.7735786
262,-5.9677014,-4.7314253
263,-6.016506,-4.7542453
264,-5.9228106,-4.728348
265,-5.849626,-4.7505364
266,-5.761612,-4.720986
267,-4.9845243,-4.310282
268,-4.9797664,-4.76828
269,-4.980243,-4.7745543
270,-4.997608,-4.7663307
271,-5.0015097,-4.7619224
272,-5.0225496,-4.768732
273,-5.0295715,-4.7636404
274,-4.933259,-4.5317817
275,-5.353899,-4.61217
276,-5.099672,-4.4614305
277,-4.218103,-3.9592636
278,-4.2090807,-4.6808305
279,-4.2055316,-4.7278633
280,-4.1863766,-4.583509
281,-4.187598,-4.775848
282,-4.205582,-4.700492
283,-4.172755,-4.3647566
284,-4.1984406,-4.7047453
285,-4.986691,-4.758715
286,-4.6950903,-4.2975426
287,-4.633984,-4.503013
288,-4.6606817,-4.6869564
289,-4.6607776,-4.7762203
290,-4.3974233,-4.227886
291,-4.222406,-4.1731033
292,-4.2005506,-4.5066824
293,-4.192619,-4.6809525
294,-4.2870574,-4.731973
295,-3.9277873,-3.9416468
296,-3.8098977,-4.12544
297,-3.7627425,-4.2762485
298,-3.8006158,-4.3417783
299,-3.857745,-4.3251195
300,-3.741946,-4.064711
301,-3.7376988,-4.5802674
302,-3.7373626,-4.7237167
303,-3.967953,-4.729211
304,-4.1409426,-4.7205467
305,-4.243708,-4.7435217
306,-4.2520194,-4.3633323
307,-4.3210254,-4.6445093
308,-4.8871055,-4.574565
309,-4.9398546,-4.700492
310,-4.9458647,-4.7369633
311,-4.9672465,-4.7750664
312,-4.9803596,-4.747715
313,-4.9669976,-4.7158318
314,-4.9461737,-4.344692
315,-4.9363184,-4.622718
316,-4.8166804,-4.3567057
317,-4.8153105,-4.696602
318,-4.653246,-4.3398056
319,-4.630026,-4.6815777
320,-4.5450974,-4.4050283
321,-4.5576925,-4.776568
322,-4.6807694,-4.757259
323,-4.6532326,-4.52553
324,-4.7998815,-4.7690325
325,-4.795816,-4.6846266
326,-4.7854652,-4.335979
327,-4.7852287,-4.680864
328,-4.9224057,-4.7287087
329,-4.921958,-4.7755394
330,-4.8898664,-4.6810913
331,-5.0014486,-4.762394
332,-4.935894,-4.631719
333,-4.9028716,-4.608815
334,-5.183495,-4.674283
335,-5.219738,-4.728483
336,-5.2469373,-4.762246
337,-4.846627,-4.319607
338,-4.8794594,-4.765993
339,-4.8836703,-4.7728853
340,-4.417113,-4.1511683
341,-4.1454525,-4.1076775
342,-4.154836,-4.775241
343,-4.085254,-4.3046517
344,-4.0635185,-4.500626
345,-3.9598296,-4.133691
346,-3.8954546,-4.270638
347,-3.8886192,-4.6496534
348,-4.0115104,-4.6960526
349,-4.2129226,-4.6856728
350,-4.1799965,-4.4659967
351,-4.2614927,-4.6949606
352,-4.2955647,-4.773732
353,-4.694723,-4.777008
354,-5.096315,-4.6838455
355,-5.1688147,-4.7590885
356,-5.1168704,-4.619273
357,-5.1374664,-4.717074
358,-5.3080792,-4.668154
359,-5.3550076,-4.7425165
360,-5.086273,-4.4472923
361,-4.792054,-4.3300776
362,-4.690153,-4.3954525
363,-4.675975,-4.706545
364,-4.6582527,-4.556773
365,-4.503679,-4.315708
366,-4.118266,-4.0298924
367,-4.055069,-4.309872
368,-4.0055933,-4.280008
369,-4.0517287,-4.7473593
370,-4.054395,-4.414195
371,-4.0452075,-4.588126
372,-4.061937,-4.7698107
373,-4.124909,-4.7710924
374,-4.48895,-4.521739
375,-4.658757,-4.7566795
376,-5.0024815,-4.7201138
377,-5.017386,-4.7760863
378,-5.274225,-4.7632527
379,-5.2241936,-4.5334167
380,-5.113383,-4.6140547
381,-5.110845,-4.767105
382,-4.7444525,-4.2675586
383,-4.74988,-4.774371
384,-4.7420945,-4.6946754
385,-4.7350926,-4.7528687
386,-4.4932947,-4.2761517
387,-4.5338626,-4.7369957
388,-4.348462,-4.2453384
389,-4.330976,-4.6383343
390,-4.1436462,-4.0627866
391,-4.1439543,-4.777728
392,-4.144962,-4.7056427
393,-4.1471653,-4.776768
394,-4.2548184,-4.773082
395,-4.1393223,-4.2594986
396,-4.2661476,-4.724662
397,-4.233109,-4.395417
398,-4.71384,-4.7736764
399,-4.672042,-4.6258206
400,-4.6914606,-4.7777967
401,-4.6892505,-4.768697
402,-4.6510725,-4.6278715
403,-5.073791,-4.730359
404,-5.079545,-4.7343655
405,-5.428085,-4.767819
406,-5.3924055,-4.74279
407,-5.3186493,-4.5595856
408,-5.316304,-4.7753534
409,-5.3176622,-4.770113
410,-5.4771876,-4.7701225
411,-5.159285,-4.4226
412,-5.0270348,-4.52608
413,-5.0323844,-4.77773
414,-5.051788,-4.77786
415,-5.151256,-4.714424
416,-5.1461573,-4.767908
417,-5.149905,-4.775593
418,-5.123707,-4.7309413
419,-5.3061447,-4.6286917
420,-5.5663886,-4.7341614
421,-5.565364,-4.77708
422,-5.0862164,-4.356101
423,-5.1069207,-4.747983
424,-5.0628753,-4.6948137
425,-5.008663,-4.6763225
426,-5.033483,-4.777728
427,-5.1114464,-4.761422
428,-5.075201,-4.6750236
429,-5.072627,-4.7727156
430,-5.492823,-4.751111
431,-5.3950944,-4.6687903
432,-5.393265,-4.6931787
433,-5.4932337,-4.75745
434,-5.4877286,-4.7736692
435,-4.888002,-4.300371
436,-4.9267287,-4.7666807
437,-4.6648164,-4.3125463
438,-4.6616793,-4.7390165
439,-4.6649523,-4.681407
440,-4.577435,-4.384837
441,-4.57815,-4.7607183
442,-4.501545,-4.423452
443,-4.6700487,-4.6643453
444,-4.669559,-4.764817
445,-4.740646,-4.345042
446,-4.752575,-4.7779465
447,-4.78123,-4.771215
448,-3.704529,-3.7316325
449,-3.7044642,-4.759013
450,-3.7075486,-4.487657
451,-3.699893,-4.475992
452,-3.6655622,-4.2896824
453,-3.6801662,-4.649561
454,-3.6522872,-4.3124323
455,-3.6523154,-4.772034
456,-4.530355,-4.777254
457,-4.5334992,-4.7747765
458,-4.5748715,-4.6743937
459,-4.0571146,-3.9468882
460,-4.132079,-4.726092
461,-4.133494,-4.6653156
462,-4.209222,-4.7699604
463,-4.1992197,-4.6754513
464,-4.176195,-4.553097
465,-4.17561,-4.768799
466,-4.173099,-4.6486535
467,-4.9101653,-4.345459
468,-4.92234,-4.7543917
469,-4.9606705,-4.7500467
470,-4.9366865,-4.7177057
471,-4.93616,-4.6742754
472,-4.8015304,-4.3410244
473,-4.7071757,-4.4777856
474,-4.6355085,-4.4105186
475,-4.733021,-4.607439
476,-4.6900907,-4.6049156
477,-4.6968575,-4.7746067
478,-4.7138624,-4.777976
479,-4.7434387,-4.7743406
480,-4.625388,-4.281639
481,-4.4450464,-4.2541933
482,-3.6513708,-3.7324493
483,-3.3431783,-3.7201378
484,-3.338492,-4.3967495
485,-3.3013945,-4.146123
486,-3.2949636,-4.4251604
487,-3.295021,-4.7777596
488,-3.3123207,-4.776761
489,-3.3239102,-4.3430195
490,-3.5968482,-4.5868516
491,-4.2652683,-4.3370256
492,-4.30042,-4.6397314
493,-4.664307,-4.73343
494,-4.4716606,-4.2453914
495,-4.4689684,-4.7624903
496,-4.440253,-4.609146
497,-4.5293746,-4.712126
498,-4.530416,-4.59165
499,-4.6643124,-4.7607303
500,-4.644905,-4.567875
501,-4.6013126,-4.556576
502,-4.9909286,-4.6745067
503,-4.766572,-4.3401937
504,-4.7050633,-4.4291015
505,-4.7032676,-4.7057467
506,-4.5139937,-4.282415
507,-4.427525,-4.357257
508,-4.456139,-4.735403
509,-4.4940524,-4.764265
510,-4.51252,-4.77256
511,-4.6386843,-4.7767935
512,-4.72903,-4.7381744
513,-4.7458363,-4.761611
514,-4.896364,-4.340187
515,-4.980743,-4.4712257
516,-4.972144,-4.7176824
517,-4.977576,-4.775494
518,-4.9598155,-4.735385
519,-4.7890687,-4.3935366
520,-4.7765584,-4.700199
521,-4.631291,-4.3452387
522,-4.7969084,-4.775006
523,-4.905095,-4.7450857
524,-4.894468,-4.692151
525,-4.816065,-4.57318
526,-4.7797656,-4.628454
527,-4.9110055,-4.6957064
528,-4.752391,-4.353056
529,-4.886509,-4.622958
530,-4.846603,-4.672525
531,-4.8522673,-4.760135
532,-4.6866364,-4.3374434
533,-4.677897,-4.5434933
534,-4.7170835,-4.769575
535,-4.4387827,-4.2342234
536,-4.5310435,-4.7706184
537,-4.5230527,-4.5851746
538,-4.541702,-4.7659445
539,-4.41061,-4.317324
540,-4.504078,-4.7181797
541,-4.5257173,-4.6492147
542,-4.162357,-4.0715523
543,-4.308771,-4.7391825
544,-4.2078695,-4.2993493
545,-4.2152085,-4.652334
546,-4.1748753,-4.406455
547,-4.254576,-4.7776175
548,-4.2512126,-4.688714
549,-4.2659903,-4.777203
550,-4.7478333,-4.697254
551,-4.7538667,-4.7587056
552,-5.0898023,-4.6815767
553,-5.161128,-4.7615337
554,-4.9640646,-4.3175874
555,-4.7088547,-4.3244596
556,-4.5150967,-4.2940326
557,-4.5147843,-4.7755823
558,-4.521765,-4.733222
559,-4.5166335,-4.732313
560,-4.458974,-4.404706
561,-4.429889,-4.590028
562,-4.5612206,-4.7352753
563,-4.7290483,-4.748253
564,-4.9634175,-4.4989176
565,-4.904196,-4.6425934
566,-4.912107,-4.751913
567,-4.929182,-4.771659
568,-5.1323404,-4.7438183
569,-5.2155156,-4.7034163
570,-5.25009,-4.7779546
571,-5.2729244,-4.774864
572,-5.627155,-4.777329
573,-5.8860784,-4.7559404
574,-5.9202433,-4.762948
575,-5.8082824,-4.7324963
576,-5.666927,-4.680041
577,-5.713818,-4.7266
578,-5.634981,-4.7376842
579,-5.480075,-4.6746044
580,-5.4464192,-4.751126
581,-5.410068,-4.725586
582,-5.4242787,-4.775078
583,-5.436561,-4.7427063
584,-5.565748,-4.7735195
585,-5.602283,-4.748943
586,-5.656049,-4.7677317
587,-5.8985486,-4.7763205
588,-5.878643,-4.744507
589,-5.6945786,-4.650118
590,-5.6660147,-4.7606707
591,-5.7391047,-4.7779913
592,-5.7403536,-4.7740793
593,-5.780909,-4.766364
594,-5.796556,-4.7740846
595,-5.774438,-4.7672825
596,-5.7506604,-4.734334
597,-6.1885405,-4.777922
598,-6.149858,-4.753332
599,-6.07181,-4.7613373
600,-6.070731,-4.7738304
601,-6.066894,-4.765474
602,-5.974802,-4.7505493
603,-5.716792,-4.672794
604,-5.808397,-4.773574
605,-5.753869,-4.755435
606,-5.8066015,-4.775117
607,-5.8396187,-4.7738533
608,-5.7526455,-4.738996
609,-5.1068053,-4.3394628
610,-5.071301,-4.692123
611,-4.5651884,-4.205078
612,-4.457585,-4.341941
613,-4.4525423,-4.7259536
614,-4.432949,-4.657695
615,-4.2876043,-4.278639
616,-4.2859726,-4.72564
617,-4.355054,-4.7187557
618,-4.367098,-4.7771044
619,-4.6561823,-4.71017
620,-4.6674323,-4.3491545
621,-4.6153173,-4.5242615
622,-4.643085,-4.772312
623,-5.0045915,-4.776141
624,-4.9993873,-4.7154493
625,-5.028456,-4.7743444
626,-4.092549,-3.9235637
627,-4.098159,-4.7775164
628,-4.131195,-4.6355104
629,-4.128388,-4.495472
630,-4.06758,-4.3204737
631,-4.022031,-4.337142
632,-3.882721,-4.129091
633,-3.8658764,-4.4727783
634,-4.24622,-4.728893
635,-4.245624,-4.7722206
636,-4.19756,-4.3391366
637,-4.205019,-4.561779
638,-4.24417,-4.43276
639,-4.300589,-4.6465592
640,-4.7281446,-4.770728
641,-4.8190165,-4.7410583
642,-4.8149176,-4.717272
643,-4.8066196,-4.748401
644,-4.9043665,-4.458476
645,-4.740594,-4.3274717
646,-4.8444176,-4.7184143
647,-4.7863045,-4.492447
648,-4.746984,-4.647416
649,-4.6683154,-4.4760256
650,-4.6594934,-4.683303
651,-4.282433,-4.133292
652,-4.276048,-4.4205003
653,-4.3016033,-4.374078
654,-4.2530293,-4.3785477
655,-4.282072,-4.7282867
656,-4.2890625,-4.7047777
657,-4.329171,-4.7773123
658,-4.3417134,-4.776457
659,-4.7210855,-4.520565
660,-4.647206,-4.330536
661,-4.694403,-4.494423
662,-4.7834516,-4.608985
663,-4.7163954,-4.519496
664,-4.737904,-4.7777605
665,-4.724932,-4.733671
666,-4.71357,-4.7372904
667,-4.7674713,-4.69005
668,-5.0096126,-4.7183213
669,-5.0754814,-4.6033506
670,-5.155114,-4.7329655
671,-5.30522,-4.6976714
672,-5.304981,-4.777505
673,-5.348252,-4.777952
674,-5.0698113,-4.407982
675,-5.0146465,-4.5923386
676,-4.68977,-4.292525
677,-4.652666,-4.474468
678,-4.664047,-4.777276
679,-4.677797,-4.74988
680,-4.439006,-4.263343
681,-4.3939404,-4.5034766
682,-4.4155316,-4.520521
683,-4.428829,-4.6733627
684,-4.567377,-4.5923953
685,-4.4582086,-4.298936
686,-4.4552655,-4.7601247
687,-4.4434624,-4.6800795
688,-4.661018,-4.6868143
689,-4.706474,-4.6615067
690,-4.7859836,-4.771804
691,-4.7721987,-4.6312046
692,-4.818993,-4.7288995
693,-5.1372766,-4.561419
694,-5.1177535,-4.73038
695,-5.0660205,-4.5969877
696,-4.8340807,-4.3380604
697,-4.7733755,-4.4956465
698,-4.6661067,-4.4278917
699,-4.678287,-4.6773357
700,-4.6912103,-4.7766285
701,-4.7541614,-4.7721934
702,-4.749192,-4.714327
703,-4.7865715,-4.7123404
704,-4.7348657,-4.316067
705,-4.830178,-4.774604
706,-4.964408,-4.7267513
707,-4.9670486,-4.6828947
708,-4.9615016,-4.7649155
709,-4.7782664,-4.3731966
710,-4.7982426,-4.7743125
711,-4.7853365,-4.6738605
712,-5.1295934,-4.765814
713,-4.9729986,-4.505662
714,-4.998265,-4.7778783
715,-5.0001335,-4.686574
716,-4.9538693,-4.6696434
717,-5.1622334,-4.6696434
718,-5.066748,-4.6247807
719,-5.1162314,-4.7549105
720,-4.956747,-4.485049
721,-5.1091394,-4.7772074
722,-5.074733,-4.721585
723,-5.077994,-4.6920767
724,-4.178352,-3.9549181
725,-4.0988107,-4.2854476
726,-4.0360312,-4.2901406
727,-4.024422,-4.5976725
728,-4.020911,-4.443531
729,-4.0157347,-4.704715
730,-3.981306,-4.3429513
731,-3.9440966,-4.3294153
732,-4.3074703,-4.621943
733,-4.44381,-4.7302036
734,-4.630428,-4.7586527
735,-4.633285,-4.608407
736,-4.72657,-4.7727165
737,-4.748192,-4.776596
738,-4.8729296,-4.5819674
739,-5.247113,-4.777303
740,-5.3284764,-4.712
741,-5.3212557,-4.7227907
742,-5.3353906,-4.7730646
743,-5.535055,-4.773363
744,-5.514932,-4.758871
745,-5.4193225,-4.702635
746,-5.5785794,-4.6949096
747,-5.519653,-4.7386494
748,-5.577414,-4.749933
749,-5.6096797,-4.742149
750,-5.507545,-4.7072515
751,-5.5098205,-4.7749805
752,-5.507177,-4.7569914
753,-5.561022,-4.739029
754,-5.6188726,-4.7298813
755,-5.6884065,-4.7756643
756,-5.734436,-4.771752
757,-5.778414,-4.7612004
758,-5.87113,-4.742325
759,-5.784281,-4.742325
760,-5.356221,-4.4910803
761,-5.3983626,-4.777996
762,-5.377645,-4.7111335
763,-5.379841,-4.7776885
764,-5.3828254,-4.7744894
765,-5.3880725,-4.7659726
766,-5.4291196,-4.7779775
767,-5.4438486,-4.754421
768,-6.0895023,-4.7730618
769,-6.0728016,-4.7742186
770,-5.505404,-4.480754
771,-5.1665306,-4.448043
772,-5.1670823,-4.7752657
773,-5.1553035,-4.749197
774,-5.1408153,-4.7567925
775,-5.1529546,-4.772213
776,-5.019031,-4.5560775
777,-4.8863554,-4.497454
778,-5.0285134,-4.7737465
779,-5.232114,-4.7414627
780,-5.001297,-4.4355173
781,-4.9762692,-4.6988707
782,-4.931668,-4.660619
783,-4.907145,-4.715563
784,-5.0031157,-4.757417
785,-5.14356,-4.7258816
786,-5.137803,-4.7652044
787,-5.041952,-4.5863466
788,-5.2837496,-4.75933
789,-4.67972,-4.2322063
790,-4.691891,-4.7054763
791,-4.6105466,-4.4225354
792,-4.610523,-4.7573195
793,-4.6147714,-4.7440042
794,-4.593024,-4.670781
795,-4.6364512,-4.768333
796,-4.6410565,-4.777978
797,-4.9886127,-4.427053
798,-4.961019,-4.648418
799,-5.0307703,-4.5392485
800,-5.040753,-4.7755904
801,-4.5746765,-4.2267866
802,-4.581306,-4.7010937
803,-4.499546,-4.4043255
804,-4.498221,-4.7708797
805,-4.5710707,-4.7640657
806,-4.589808,-4.733676
807,-4.626472,-4.6901855
808,-3.9810715,-3.9003053
809,-4.0497212,-4.380269
810,-4.054118,-4.758669
811,-4.08559,-4.762524
812,-4.072491,-4.6088924
813,-4.0476704,-4.4586835
814,-4.041557,-4.6524487
815,-4.047624,-4.7708006
816,-4.9292665,-4.777958
817,-4.990145,-4.460523
818,-4.8171177,-4.3940067
819,-4.4676995,-4.224288
820,-4.4541383,-4.5371704
821,-4.3900967,-4.320244
822,-4.3001566,-4.3135633
823,-4.3006573,-4.774791
824,-4.218907,-4.323991
825,-4.219117,-4.462325
826,-4.16158,-4.282673
827,-4.318175,-4.7429852
828,-4.154722,-4.1883388
829,-4.215837,-4.657356
830,-4.139543,-4.210103
831,-4.1274815,-4.64063
832,-4.194232,-4.774272
833,-4.2175937,-4.6731014
834,-4.3317657,-4.732218
835,-4.3259454,-4.699186
836,-4.619693,-4.725172
837,-4.62343,-4.6730165
838,-5.2047954,-4.65374
839,-5.1970444,-4.630434
840,-5.138004,-4.6911955
841,-4.918912,-4.3536506
842,-4.850258,-4.566471
843,-4.8080792,-4.5851326
844,-4.743426,-4.533454
845,-4.7603602,-4.727703
846,-4.8002954,-4.7755995
847,-4.722657,-4.415834
848,-4.7410884,-4.753147
849,-4.922664,-4.7653413
850,-4.3150845,-4.052407
851,-4.21364,-4.274458
852,-4.2390833,-4.7610464
853,-4.244432,-4.775614
854,-4.220429,-4.5614014
855,-4.2352476,-4.528641
856,-4.236063,-4.760541
857,-4.232443,-4.732422
858,-4.743137,-4.761552
859,-5.2646174,-4.7764993
860,-5.274714,-4.772622
861,-5.1745825,-4.6497927
862,-5.231962,-4.6316905
863,-5.467286,-4.7527733
864,-5.0954633,-4.389208
865,-4.7962704,-4.3234725
866,-4.773573,-4.692938
867,-4.28416,-4.090062
868,-4.1496983,-4.246614
869,-4.1414533,-4.5648313
870,-4.1404257,-4.620429
871,-4.1010714,-4.3738728
872,-4.1375136,-4.7515883
873,-4.187786,-4.5964775
874,-4.023292,-4.1547074
875,-4.0264673,-4.0961533
876,-4.124524,-4.7298455
877,-4.140663,-4.740116
878,-4.1519885,-4.7432146
879,-4.0211663,-4.1491594
880,-4.014841,-4.6629505
881,-4.0256333,-4.745413
882,-4.174613,-4.5347104
883,-4.5129337,-4.770462
884,-4.440808,-4.3848953
885,-4.4445047,-4.762274
886,-4.4423285,-4.7301893
887,-5.014571,-4.7447586
888,-4.710247,-4.295
889,-4.702631,-4.71848
890,-4.7160387,-4.577855
891,-4.366998,-4.1854825
892,-4.4339113,-4.762492
893,-3.7165089,-3.778564
894,-3.6498628,-4.172424
895,-3.6419158,-4.5191507
896,-3.578534,-4.053486
897,-3.578062,-4.702545
898,-3.583823,-4.767993
899,-3.6394942,-4.7779913
900,-3.630645,-4.505803
901,-4.1374836,-4.693716
902,-4.339064,-4.735016
903,-4.376705,-4.7777104
904,-5.3161073,-4.750844
905,-5.328976,-4.7158194
906,-5.3302927,-4.769331
907,-5.281406,-4.7258377
908,-5.613858,-4.7677164
909,-5.6986837,-4.738652
910,-5.5861583,-4.673675
911,-5.472507,-4.7000284
912,-5.4647617,-4.7448792
913,-5.551093,-4.7773523
914,-5.4455895,-4.69263
915,-5.514854,-4.777996
916,-5.159265,-4.4294105
917,-5.120055,-4.680337
918,-4.99811,-4.4731736
919,-4.9532194,-4.6079087
920,-4.961375,-4.762343
921,-4.945928,-4.744032
922,-4.9859333,-4.776849
923,-4.9769244,-4.759614
924,-5.200761,-4.7754097
925,-5.196011,-4.674057
926,-5.485323,-4.7519264
927,-5.7324157,-4.752552
928,-4.0959077,-3.8906524
929,-4.0485044,-4.3342743
930,-4.0397024,-4.6597805
931,-4.0370684,-4.7241755
932,-4.0329857,-4.720118
933,-4.0290203,-4.619913
934,-4.026074,-4.7114205
935,-3.9963026,-4.386772
936,-4.692387,-4.502883
937,-4.872261,-4.6972766
938,-4.8598957,-4.628003
939,-4.596995,-4.2897143
940,-4.4783053,-4.3321304
941,-4.3019414,-4.2384715
942,-4.308965,-4.7668076
943,-4.3516283,-4.649806
944,-4.287998,-4.314722
945,-4.048308,-4.0869913
946,-4.0338407,-4.4504757
947,-4.097489,-4.6355534
948,-4.1401253,-4.6189804
949,-4.2737427,-4.726685
950,-4.2514977,-4.578929
951,-4.2090893,-4.3526926
952,-4.2625694,-4.500208
953,-4.717518,-4.7525225
954,-4.827784,-4.7766857
955,-4.6641226,-4.3278494
956,-4.5254717,-4.314631
957,-4.3525505,-4.269683
958,-4.3734055,-4.7222757
959,-4.451364,-4.757924
960,-4.486911,-4.691765
961,-4.491474,-4.777442
962,-4.4674196,-4.6427298
963,-4.5836015,-4.6896977
964,-4.4655347,-4.2336216
965,-4.4749837,-4.277
966,-3.9660842,-3.9255173
967,-3.9549973,-4.5862155
968,-3.9492893,-4.60166
969,-3.9452515,-4.7122602
970,-3.9175417,-4.338376
971,-3.8376899,-4.2085114
972,-3.667212,-3.9006822
973,-3.7026236,-4.697304
974,-3.9313853,-4.5938454
975,-3.9421513,-4.7611203
976,-3.9482746,-4.69977
977,-3.921589,-4.3574944
978,-3.9494815,-4.6419463
979,-4.003454,-4.3180847
980,-4.7092304,-4.7741404
981,-4.714085,-4.7142935
982,-4.769579,-4.77491
983,-4.7604146,-4.732292
984,-4.768903,-4.726489
985,-4.942058,-4.7274556
986,-5.0066867,-4.7757816
987,-5.7453527,-4.7772236
988,-4.1140833,-3.8974535
989,-4.0566697,-4.31558
990,-3.9165673,-4.146513
991,-3.9190354,-4.7745504
992,-3.920448,-4.7505836
993,-3.7841053,-4.0715194
994,-3.784132,-4.7763767
995,-3.7713504,-4.498332
996,-4.087735,-4.5958824
997,-4.1509695,-4.7348013
998,-3.4620454,-3.6234803
999,-3.4594755,-4.6647835
1000,-3.2027042,-3.6771793
1001,-3.1547716,-3.8730514
1002,-3.1534421,-4.671513
1003,-3.1512692,-4.3798466
1004,-3.134543,-4.2134748
1005,-3.1156828,-4.202346
1006,-3.3895185,-4.704946
1007,-3.3701386,-4.271603
1008,-3.7819242,-4.744445
1009,-4.161289,-4.4485636
1010,-4.152101,-4.577343
1011,-4.1471834,-4.353524
1012,-4.2959876,-4.6379747
1013,-4.384058,-4.287421
1014,-4.391592,-4.7553377
1015,-4.5386543,-4.543784
1016,-4.283013,-4.1940517
1017,-4.1606793,-4.2190514
1018,-4.1088667,-4.313907
1019,-4.118191,-4.4071746
1020,-4.1281853,-4.7514567
1021,-4.205539,-4.613145
1022,-4.1503267,-4.339887
1023,-4.1687465,-4.7317715
1024,-4.361591,-4.7523184
1025,-4.6040154,-4.642538
1026,-4.7417393,-4.529222
1027,-4.883739,-4.777981
1028,-4.8839393,-4.751953
1029,-4.9270844,-4.715564
1030,-5.076435,-4.4976177
1031,-5.045043,-4.677106
1032,-5.0594645,-4.777858
1033,-5.0252132,-4.5834856
1034,-5.023914,-4.5269966
1035,-4.831788,-4.3914285
1036,-4.7607455,-4.5479727
1037,-4.06377,-3.9246063
1038,-4.0866766,-4.773142
1039,-4.0402303,-4.3256397
1040,-4.029224,-4.628695
1041,-4.03687,-4.684622
1042,-4.0542946,-4.7500143
1043,-4.0260844,-4.3085675
1044,-4.0272837,-4.563084
1045,-4.628499,-4.719308
1046,-4.617808,-4.728479
1047,-4.795398,-4.713728
1048,-4.7939873,-4.6245127
1049,-4.790937,-4.67554
1050,-4.80039,-4.7779813
1051,-5.1524243,-4.701356
1052,-5.209735,-4.636846
1053,-4.87096,-4.3271112
1054,-4.6540685,-4.3193135
1055,-4.632316,-4.626423
1056,-4.646634,-4.682407
1057,-4.6638246,-4.7428923
1058,-4.663514,-4.776786
1059,-4.65865,-4.6825194
1060,-4.534635,-4.326562
1061,-4.4882293,-4.2933216
1062,-4.6147766,-4.649158
1063,-4.503085,-4.3273487
1064,-4.485984,-4.592043
1065,-4.4176793,-4.392272
1066,-4.277936,-4.281083
1067,-4.2762766,-4.6686707
1068,-4.3648806,-4.767975
1069,-4.504247,-4.7022967
1070,-4.5249524,-4.756633
1071,-4.657452,-4.686551
1072,-4.6805973,-4.6782236
1073,-4.790952,-4.709409
1074,-5.354189,-4.7701406
1075,-5.269124,-4.581875
1076,-5.25096,-4.746744
1077,-5.3180795,-4.7770495
1078,-5.3245564,-4.76333
1079,-5.413026,-4.769845
1080,-5.4878774,-4.738055
1081,-5.5843863,-4.774444
1082,-5.415138,-4.647087
1083,-5.621358,-4.723721
1084,-5.607338,-4.738677
1085,-5.6073318,-4.777046
1086,-5.4198356,-4.630583
1087,-5.412605,-4.7636614
1088,-5.3163495,-4.646624
1089,-5.16845,-4.5963645
1090,-5.224619,-4.7216644
1091,-5.241453,-4.7444882
1092,-5.2573953,-4.7577095
1093,-5.197629,-4.702455
1094,-5.0624633,-4.4440355
1095,-4.9699335,-4.5895624
1096,-4.514828,-4.194398
1097,-4.5377603,-4.7110147
1098,-3.6500785,-3.728376
1099,-3.6487775,-4.7063885
1100,-3.6305232,-4.3421664
1101,-3.6329758,-4.776869
1102,-3.637946,-4.5780964
1103,-3.6343806,-4.4914308
1104,-3.6899376,-4.683566
1105,-3.673048,-4.345767
1106,-4.646261,-4.5539246
1107,-4.6583357,-4.753974
1108,-4.5942445,-4.306539
1109,-4.4752727,-4.3385525
1110,-4.5106487,-4.7665424
1111,-4.156808,-4.0476317
1112,-4.1632676,-4.7517004
1113,-3.970876,-4.0476537
1114,-3.8714943,-4.1668234
1115,-3.7643325,-4.130602
1116,-3.73514,-4.2136726
1117,-3.7573745,-4.7189426
1118,-3.7521768,-4.6432333
1119,-3.7385669,-4.012512
1120,-3.730922,-4.5672617
1121,-3.843495,-4.370137
1122,-3.9259863,-4.4049354
1123,-3.9192493,-4.1168704
1124,-3.9833286,-4.35887
1125,-3.980778,-4.6805363
1126,-3.9802177,-4.6347704
1127,-4.2030916,-4.337823
1128,-4.205143,-4.5853953
1129,-4.242366,-4.6418295
1130,-4.2874146,-4.7515206
1131,-4.5674605,-4.334284
1132,-4.507474,-4.3106813
1133,-3.7706122,-3.795368
1134,-3.7768235,-4.7766457
1135,-3.712663,-4.1402125
1136,-3.6264205,-4.0825033
1137,-3.6157198,-4.377116
1138,-3.5307302,-4.0530663
1139,-3.4990668,-4.1758084
1140,-3.5124493,-4.508055
1141,-3.7294798,-4.137953
1142,-3.7294648,-4.776274
1143,-3.8238885,-4.76967
1144,-3.6412013,-3.848509
1145,-3.5770857,-4.099148
1146,-3.639394,-4.290773
1147,-3.7044442,-4.7566357
1148,-3.5601225,-3.9366846
1149,-3.5975058,-4.295135
1150,-3.5965285,-4.744488
1151,-3.4889777,-3.9592776
1152,-3.4748085,-3.8293064
1153,-3.5093243,-4.2670827
1154,-3.5149624,-4.3209667
1155,-3.4432085,-4.0486856
1156,-3.3612144,-3.8025084
1157,-3.3571177,-4.2658486
1158,-3.2925196,-3.9701202
1159,-3.3602974,-4.6534595
1160,-3.394221,-3.8816867
1161,-3.4171789,-4.7533154
1162,-3.392739,-4.1698637
1163,-3.3329647,-3.8804188
1164,-3.5140486,-4.5513873
1165,-3.532535,-4.3950887
1166,-3.6420627,-4.7602253
1167,-3.644941,-4.738764
1168,-3.85364,-4.282564
1169,-3.844762,-4.581919
1170,-3.858537,-4.2014213
1171,-4.356382,-4.769926
1172,-4.3722615,-4.656904
1173,-4.166394,-4.1363707
1174,-4.165848,-4.754531
1175,-4.1620517,-4.6990366
1176,-4.2666025,-4.7629504
1177,-4.2585297,-4.5184383
1178,-4.493723,-4.776382
1179,-3.8211565,-3.8316805
1180,-3.380305,-3.6659148
1181,-3.4113674,-4.3280463
1182,-3.4116385,-4.7673016
1183,-3.4093943,-4.594834
1184,-3.364384,-4.1316094
1185,-3.1213014,-3.6247995
1186,-3.1149664,-4.344855
1187,-3.159164,-3.9593878
1188,-3.3611603,-4.175762
1189,-3.3501678,-4.248844
1190,-3.3456345,-4.5322275
1191,-3.3490856,-4.7779856
1192,-3.39277,-4.7674212
1193,-3.9523973,-4.774729
1194,-3.9865823,-4.767413
1195,-4.379125,-4.7549257
1196,-4.6369987,-4.374445
1197,-4.1269646,-3.9251716
1198,-4.136911,-4.635628
1199,-4.1369004,-4.7778673
1200,-4.0561852,-4.286372
1201,-4.042007,-4.590227
1202,-4.013953,-4.4142933
1203,-3.9766493,-4.3416615
1204,-3.6674585,-3.8549058
1205,-3.7483933,-4.068923
1206,-3.6795688,-4.1676593
1207,-3.6678183,-4.4639354
1208,-3.7035673,-4.773653
1209,-3.70451,-4.6128807
1210,-3.4721382,-3.8162427
1211,-3.479451,-4.519615
1212,-3.6869419,-4.7779856
1213,-3.7374196,-4.224763
1214,-3.7757118,-4.282055
1215,-3.7895699,-4.7609735
1216,-3.7606468,-4.330147
1217,-3.766837,-4.7570124
1218,-4.011179,-3.9681904
1219,-3.9682808,-4.2965918
1220,-3.9438548,-4.4201717
1221,-4.012822,-4.412915
1222,-4.05786,-4.4114585
1223,-3.9055858,-4.1257367
1224,-3.9211273,-4.4151525
1225,-3.9097812,-4.5662465
1226,-4.1781387,-4.711789
1227,-4.1947184,-4.3197374
1228,-4.0665793,-4.177996
1229,-3.858814,-3.9686975
1230,-3.7140195,-3.9722202
1231,-3.8092475,-4.689374
1232,-3.8265548,-4.7451572
1233,-3.692184,-4.002533
1234,-3.6098647,-4.103744
1235,-3.6189804,-4.385395
1236,-3.6574495,-4.3288713
1237,-3.7923653,-4.521158
1238,-3.9875338,-4.6979847
1239,-3.9857109,-4.6621714
1240,-3.9786355,-4.638646
1241,-4.222805,-4.3832765
1242,-4.572787,-4.647547
1243,-4.6805863,-4.7748203
1244,-4.8872814,-4.7361403
1245,-5.001142,-4.7633667
1246,-5.023334,-4.740563
1247,-5.089118,-4.77783
1248,-5.129915,-4.7030935
1249,-5.2782407,-4.5253496
1250,-5.2564874,-4.62249
1251,-5.2585464,-4.7772393
1252,-5.285532,-4.7669353
1253,-4.761774,-4.2776346
1254,-4.660836,-4.417365
1255,-4.6080227,-4.566434
1256,-4.545795,-4.4389863
1257,-4.571758,-4.6405067
1258,-4.5633464,-4.5858326
1259,-4.554196,-4.73376
1260,-4.4476666,-4.340439
1261,-4.6615167,-4.768176
1262,-4.7232003,-4.6112313
1263,-4.4431963,-4.2177567
1264,-4.503393,-4.757324
1265,-4.510242,-4.6766105
1266,-4.5091324,-4.58051
1267,-4.51284,-4.753142
1268,-4.633998,-4.7580433
1269,-4.624898,-4.730636
1270,-4.5068865,-4.322038
1271,-4.91249,-4.7429056
1272,-4.8840055,-4.6886754
1273,-4.8733706,-4.6499605
1274,-4.832663,-4.4822087
1275,-4.572137,-4.288294
1276,-4.5578995,-4.69123
1277,-4.5656233,-4.7671185
1278,-4.719354,-4.677161
1279,-4.7087836,-4.706088
1280,-4.4903092,-4.2760715
1281,-4.507623,-4.7426844
1282,-4.458945,-4.340846
1283,-4.5677514,-4.413643
1284,-4.530551,-4.5197353
1285,-4.496065,-4.5898643
1286,-4.5130315,-4.7670164
1287,-4.287662,-4.210713
1288,-4.433441,-4.757581
1289,-4.438628,-4.7741876
1290,-4.538704,-4.7488937
1291,-4.6226153,-4.763143
1292,-4.398058,-4.223817
1293,-4.347772,-4.3450003
1294,-4.3433223,-4.7346277
1295,-4.5725346,-4.571663
1296,-4.5588994,-4.6936865
1297,-3.929391,-3.8835332
1298,-3.9213817,-4.6138353
1299,-3.8292258,-4.1882334
1300,-3.864639,-4.3174906
1301,-3.4100668,-3.6704319
1302,-3.3255293,-3.9523466
1303,-3.3290012,-4.761402
1304,-3.268385,-3.9692528
1305,-3.3645663,-4.35964
1306,-3.3570852,-4.343337
1307,-3.3888235,-4.658892
1308,-3.4043405,-4.777996
1309,-3.7926664,-4.1878076
1310,-3.9512894,-4.2295365
1311,-3.9283204,-4.4163666
1312,-4.177072,-4.424678
1313,-4.211826,-4.6172523
1314,-4.272741,-4.7689905
1315,-4.260368,-4.558563
1316,-4.2456675,-4.649245
1317,-4.480222,-4.7030077
1318,-4.8329563,-4.777069
1319,-4.9814496,-4.73778
1320,-5.1487036,-4.6870885
1321,-5.245501,-4.745759
1322,-4.6777844,-4.245975
1323,-4.194427,-4.0192475
1324,-4.08147,-4.2335463
1325,-4.0740676,-4.6112204
1326,-4.0444617,-4.423263
1327,-4.0473247,-4.7757273
1328,-3.8429775,-3.9960082
1329,-3.8226824,-4.3889008
1330,-3.7659664,-4.096484
1331,-3.9308085,-4.760119
1332,-3.9320536,-4.236212
1333,-3.9051652,-4.3347034
1334,-3.9272346,-4.774128
1335,-3.9175985,-4.612395
1336,-4.1700854,-4.7470303
1337,-4.20185,-4.6520224
1338,-4.5655346,-4.761281
1339,-4.5015635,-4.454957
1340,-4.8554697,-4.773325
1341,-5.0263515,-4.5382137
1342,-4.753627,-4.327754
1343,-4.758344,-4.6273527
1344,-4.6986895,-4.550905
1345,-4.695742,-4.641405
1346,-4.6948433,-4.7580314
1347,-4.4069614,-4.18693
1348,-4.4054017,-4.7632694
1349,-4.4217925,-4.635313
1350,-4.358392,-4.2693834
1351,-4.364354,-4.6693945
1352,-4.2298975,-4.2415547
1353,-4.1901526,-4.3531685
1354,-4.17563,-4.61189
1355,-4.379042,-4.740007
1356,-4.3725524,-4.7188077
1357,-4.3924456,-4.7697964
1358,-4.373,-4.2518587
1359,-4.383235,-4.739193
1360,-4.560595,-4.4836173
1361,-3.992228,-3.8986182
1362,-3.860398,-4.1156425
1363,-3.8618557,-4.7679625
1364,-3.8545563,-4.5810556
1365,-3.8525677,-4.731075
1366,-3.9201715,-4.777479
1367,-3.8838396,-4.327657
1368,-3.900475,-4.7713757
1369,-4.3682947,-4.637668
1370,-4.8716726,-4.594596
1371,-4.874534,-4.7752137
1372,-4.7548556,-4.344557
1373,-4.609503,-4.339446
1374,-4.4149218,-4.280443
1375,-4.4161487,-4.328745
1376,-4.392323,-4.617157
1377,-4.4062395,-4.7286377
1378,-4.423826,-4.704197
1379,-4.4029737,-4.6426916
1380,-4.3882666,-4.3332496
1381,-4.4817777,-4.7595024
1382,-4.606806,-4.406572
1383,-4.7900605,-4.766976
1384,-4.6808333,-4.3481803
1385,-4.666718,-4.6753483
1386,-4.685314,-4.77409
1387,-4.721158,-4.7702947
1388,-4.9510155,-4.7722483
1389,-4.799914,-4.4108095
1390,-4.81965,-4.4447894
1391,-4.745808,-4.5486455
1392,-4.9182167,-4.7285824
1393,-4.8016586,-4.407575
1394,-4.780772,-4.711741
1395,-4.2945194,-4.097844
1396,-4.276365,-4.6232257
1397,-3.967732,-3.9593136
1398,-3.9840388,-4.674775
1399,-3.9978774,-4.7472954
1400,-4.0008965,-4.7724934
1401,-4.012907,-4.5494957
1402,-4.011585,-4.6930056
1403,-4.2300973,-4.7767324
1404,-4.183847,-4.338129
1405,-4.9431295,-4.7358036
1406,-4.947295,-4.683914
1407,-4.959795,-4.7742634
1408,-4.9291415,-4.705139
1409,-5.0097694,-4.7121987
1410,-5.033711,-4.7380753
1411,-4.9655447,-4.6425133
1412,-5.381691,-4.7738986
1413,-5.3644347,-4.7197156
1414,-5.4627776,-4.768592
1415,-5.4576383,-4.770239
1416,-5.5593057,-4.7775593
1417,-5.664376,-4.7730713
1418,-5.7421417,-4.775571
1419,-6.017487,-4.7368627
1420,-5.912523,-4.7438912
1421,-5.7632604,-4.664589
1422,-4.9161816,-4.2891126
1423,-4.9194117,-4.7777233
1424,-4.9187226,-4.7759666
1425,-4.8129554,-4.510246
1426,-4.8074007,-4.7596073
1427,-4.715368,-4.4591994
1428,-4.6717443,-4.587958
1429,-4.693964,-4.7469687
1430,-4.958582,-4.568961
1431,-4.8254423,-4.465657
1432,-4.8074875,-4.72501
1433,-4.8445582,-4.604725
1434,-4.8509717,-4.7767043
1435,-4.9956293,-4.777557
1436,-5.047394,-4.6830688
1437,-5.054677,-4.759898
1438,-5.077094,-4.6043196
1439,-5.320228,-4.7763567
1440,-5.2652774,-4.6648245
1441,-5.1024804,-4.413811
1442,-4.8255653,-4.338776
1443,-4.6417055,-4.335575
1444,-4.60791,-4.5484104
1445,-4.244026,-4.1253343
1446,-4.1992793,-4.3390045
1447,-4.130951,-4.322806
1448,-4.0937977,-4.3442984
1449,-4.1220727,-4.7123537
1450,-4.138742,-4.407234
1451,-4.192761,-4.721877
1452,-4.021313,-4.1311264
1453,-4.2239065,-4.773631
1454,-4.2893534,-4.7554817
1455,-4.2235317,-4.2448635
1456,-4.274532,-4.684066
1457,-4.255067,-4.5516186
1458,-4.302212,-4.763158
1459,-4.2721467,-4.487627
1460,-4.6550937,-4.777006
1461,-4.6555834,-4.77555
1462,-4.6391497,-4.6900735
1463,-5.0718217,-4.6608963
1464,-5.1002254,-4.7310877
1465,-5.210196,-4.7046614
1466,-5.154587,-4.6872067
1467,-5.2347245,-4.5854235
1468,-3.9580336,-3.8450334
1469,-3.9320033,-4.3986206
1470,-3.919145,-4.4852324
1471,-3.8517907,-4.237184
1472,-3.8497353,-4.6908445
1473,-3.8395882,-4.5129166
1474,-3.8353376,-4.602783
1475,-3.808149,-4.3166685
1476,-4.3832207,-4.7778764
1477,-4.171989,-4.1352572
1478,-4.0206275,-4.143677
1479,-3.9879289,-4.1786156
1480,-3.9926364,-4.7605724
1481,-4.010437,-4.761353
1482,-4.006976,-4.5575657
1483,-4.063015,-4.777996
1484,-4.044918,-4.5479927
1485,-4.2451005,-4.7695756
1486,-4.261742,-4.1603165
1487,-4.3779206,-4.2933493
1488,-4.3033676,-4.3421226
1489,-3.9917114,-3.9939098
1490,-4.003561,-4.7252927
1491,-3.976644,-4.4122906
1492,-3.9331696,-4.2933064
1493,-3.7842197,-4.0565467
1494,-3.8713062,-4.5884213
1495,-3.8098438,-4.1401463
1496,-3.806903,-4.334477
1497,-3.8468213,-4.082854
1498,-3.7405562,-4.116013
1499,-3.7515657,-4.644886
1500,-3.7754588,-4.431935
1501,-3.9218392,-4.776969
1502,-3.9305027,-4.7319274
1503,-4.0799236,-4.7779865
1504,-4.0282063,-4.2429886
1505,-4.249722,-4.6132207
1506,-4.610937,-4.6562977
1507,-4.6108084,-4.644335
1508,-4.660439,-4.610215
1509,-4.5939717,-4.510902
1510,-4.4428425,-4.3071327
1511,-4.43132,-4.708152
1512,-4.7071433,-4.774601
1513,-4.7046328,-4.6050854
1514,-4.6675615,-4.5277195
1515,-4.703303,-4.776185
1516,-4.5207562,-4.289933
1517,-4.328819,-4.220758
1518,-4.0578966,-3.982188
1519,-4.0619974,-4.7609897
1520,-4.025469,-4.366254
1521,-4.0374594,-4.767824
1522,-4.028931,-4.42933
1523,-4.0262966,-4.739976
1524,-4.0805783,-4.5414796
1525,-4.2164936,-4.773261
1526,-4.8416657,-4.6065636
1527,-4.7016745,-4.3845253
1528,-4.823066,-4.6730947
1529,-4.742787,-4.5315714
1530,-4.79641,-4.574646
1531,-4.7880716,-4.7151384
1532,-4.8225036,-4.6347
1533,-4.803714,-4.719576
1534,-4.763956,-4.49631
1535,-4.911862,-4.7286425
1536,-4.8637843,-4.5597816
1537,-4.8776197,-4.5638123
1538,-4.4910827,-4.195668
1539,-4.4843726,-4.6783876
1540,-4.487638,-4.6526446
1541,-4.4974027,-4.7725472
1542,-4.363375,-4.2672462
1543,-4.3669243,-4.7534823
1544,-4.4000053,-4.777987
1545,-4.3635464,-4.3781824
1546,-4.662725,-4.6871767
1547,-4.5994587,-4.439206
1548,-4.5572042,-4.472623
1549,-4.411508,-4.3093514
1550,-4.6272755,-4.7775326
1551,-4.5689125,-4.5069246
1552,-4.407974,-4.299244
1553,-4.2594967,-4.2079062
1554,-4.268278,-4.76243
1555,-4.2881885,-4.586454
1556,-4.328408,-4.774975
1557,-4.431148,-4.665865
1558,-4.3668723,-4.4003367
1559,-4.3886366,-4.6455383
1560,-4.47465,-4.4416647
1561,-4.70665,-4.3454113
1562,-4.548646,-4.3288584
1563,-4.534849,-4.5243773
1564,-4.519245,-4.6959734
1565,-4.335292,-4.249105
1566,-4.3048196,-4.3312626
1567,-4.254581,-4.3437815
1568,-4.1934648,-4.2937956
1569,-4.2505746,-4.77772
1570,-4.3314857,-4.7630224
1571,-4.3677588,-4.777994
1572,-4.379681,-4.777994
1573,-4.6067295,-4.763022
1574,-4.780737,-4.7578316
1575,-4.826826,-4.4031096
1576,-5.0568705,-4.4051914
1577,-5.0559173,-4.776046
1578,-5.0612984,-4.7724323
1579,-5.0596714,-4.77516
1580,-4.9708905,-4.6089516
1581,-4.911926,-4.6326094
1582,-4.9041867,-4.739546
1583,-5.104745,-4.7558575
1584,-5.402104,-4.7240033
1585,-4.8558426,-4.300672
1586,-4.846672,-4.7481556
1587,-4.789894,-4.6145267
1588,-4.848239,-4.773293
1589,-4.905949,-4.7777643
1590,-4.8882856,-4.6968837
1591,-4.8685665,-4.706415
1592,-4.8875003,-4.771513
1593,-5.4157276,-4.7074046
1594,-5.442887,-4.770785
1595,-5.676956,-4.7660737
1596,-5.666567,-4.7679634
1597,-5.022472,-4.3276772
1598,-5.045207,-4.7386594
1599,-5.0780325,-4.7634773
1600,-5.041284,-4.7073774
1601,-4.998044,-4.6256475
1602,-4.8252707,-4.4036117
1603,-4.82309,-4.7599797
